{"cameraMode":{"drawMode":0,"name":"Shaded","section":"Shading Mode"},"sceneLighting":true,"audioPlay":false,"sceneViewState":{"showFog":true,"showMaterialUpdate":false,"showSkybox":true,"showFlares":true,"showImageEffects":true,"showParticleSystems":true},"in2DMode":false,"pivot":{"x":0.000008106231689453125,"y":-0.053693294525146487,"z":0.037917137145996097},"rotation":{"x":-0.08860938996076584,"y":0.8983955979347229,"z":-0.21301768720149995,"w":-0.3737074136734009},"size":10.0,"orthographic":false}